rnd_np,rnd_ds,Average,M1,M2
128,128,0.4891027041633714,0.495106294514176,0.4999466731142821
128,129,0.4928263231241029,0.4930301005765414,0.49412511988602237
128,130,0.4864656355116324,0.489539823970783,0.4932765274859926
128,131,0.5066338601249489,0.5113438073023328,0.5115773854023272
128,132,0.44232106956995476,0.4445931237648387,0.4461658971142647
128,133,0.46339980956129556,0.4688783642395801,0.4695156815293323
128,134,0.47510664771401345,0.47629083827136914,0.477572064894623
128,135,0.4512016635681089,0.4592776421472255,0.46026540776963243
128,136,0.4689109950441696,0.47864659777007634,0.4800776939921799
128,137,0.4814534906995786,0.48402511227895795,0.48519151684413286
129,128,0.5104268025778043,0.5204826235377329,0.520900694094878
129,129,0.49704366902573477,0.5002964329322577,0.49899595632703814
129,130,0.46582908128774403,0.4798178476493794,0.482761991548892
129,131,0.49842180919208856,0.5073659229559228,0.5073061018110058
129,132,0.5027606101858136,0.5040306093662308,0.5049564638579856
129,133,0.4711630371995767,0.4745898400891052,0.4741101510503758
129,134,0.4790030583220828,0.48852071966731836,0.4916018825202884
129,135,0.5092427308077655,0.5125147458685398,0.5157381020062666
129,136,0.5079635019806908,0.514047564857097,0.5157038107254418
129,137,0.49908189516497037,0.5025321579765175,0.5019466398284861
130,128,0.4778997625143157,0.4838218926681758,0.48599743633957165
130,129,0.4723406625897427,0.47706400137279925,0.47902275711177805
130,130,0.46919959165414105,0.4750431738303682,0.4774663790756118
130,131,0.4954970132452819,0.4987970199734416,0.5009983581366758
130,132,0.4914045370230401,0.49520123921714126,0.49615456186045687
130,133,0.47886936846661976,0.4884829249743879,0.48961267314646584
130,134,0.47376256703744957,0.47920584688874934,0.47893491434740143
130,135,0.46005205148725536,0.4689069055658887,0.46860272120321567
130,136,0.4517112527827069,0.4563210696619794,0.45805007289767674
130,137,0.4713335108950229,0.47762155886193264,0.4817254302177674
131,128,0.48191652302637566,0.4850235865049369,0.48719451676689535
131,129,0.5045105813623091,0.5117954822577416,0.5098367427995198
131,130,0.47336842208564234,0.47856922356395754,0.48177962100943983
131,131,0.4873665337387524,0.48718022857440585,0.4904629412980637
131,132,0.49893896719670766,0.5033372869579477,0.5046378032647273
131,133,0.48565039352461736,0.4877382338980869,0.4870698826273402
131,134,0.48762347467434547,0.491291811780604,0.4910925347279512
131,135,0.49037949215081345,0.49550180935140753,0.4974911760817406
131,136,0.5066173691745346,0.5107942757444083,0.5126940136086623
131,137,0.482672709278053,0.46593600671385416,0.49643293298206004
132,128,0.492480673113657,0.4955901192823247,0.4992608501107948
132,129,0.5053666758078939,0.5102353288347974,0.5101413914352049
132,130,0.4850152797935248,0.4956723305695867,0.49876530265059216
132,131,0.4966201355350293,0.5039185353556428,0.5063435189200153
132,132,0.5140671898593845,0.5192662919758781,0.5199938280646734
132,133,0.529043719684333,0.5304662508620458,0.5320495671887048
132,134,0.49912572004958455,0.5061349555131411,0.509258297307837
132,135,0.5246310677222699,0.5215808243065536,0.5218580555751007
132,136,0.5319177674550692,0.5360964534625594,0.5387139671525418
132,137,0.5223352434889864,0.5237817472326641,0.5242285361242998
133,128,0.5135125524113298,0.5117434975220327,0.5124302676176729
133,129,0.5038317026044911,0.5150266929798544,0.517615447010025
133,130,0.4899282774834794,0.49753685813945026,0.5020477694381045
133,131,0.49948491886986374,0.5103409248307061,0.5085682802749174
133,132,0.5250766398926972,0.5298134600665623,0.5317374494739526
133,133,0.5080065800457432,0.5191617941522175,0.5240293806667935
133,134,0.5038454622375929,0.5157737499480338,0.5188980593079373
133,135,0.5168703106657089,0.523014646374435,0.5247896430244646
133,136,0.4922135597868763,0.4992830762540432,0.5007748861737447
133,137,0.47579635850886,0.48510756753967954,0.4842671657448018
134,128,0.5198095476824451,0.5213327254596247,0.5192812158388876
134,129,0.5254448583553288,0.5355937452793165,0.5360049564227134
134,130,0.5519374709766851,0.5595446620592576,0.5575512502216675
134,131,0.5337371732351082,0.5416963050999766,0.5433321857725242
134,132,0.4962579141266941,0.50190329427726,0.5014013699056423
134,133,0.5060006189624943,0.5111947938426583,0.5126900194538027
134,134,0.508287969915252,0.5144097303440004,0.5167337794807882
134,135,0.5056496715686338,0.5116986419920989,0.5143134433140274
134,136,0.5219229193690722,0.52459241570744,0.5241470479961154
134,137,0.530349393876967,0.5404056002726532,0.5435027185888934
135,128,0.48988504827887047,0.49188884398663324,0.4917839040172648
135,129,0.5233105521068007,0.5280940757824508,0.5278313854220624
135,130,0.4952953590474191,0.49855686028943325,0.5008704406963083
135,131,0.4931566782891224,0.5090098399412281,0.5144396534375896
135,132,0.5039380340546503,0.5068482982004929,0.5082821424570698
135,133,0.4816737995431593,0.4822756246245925,0.48087331506780745
135,134,0.48712107880812816,0.4950703862406397,0.49478602031946883
135,135,0.47855402249512363,0.4831342667436326,0.4861461609721762
135,136,0.5191255402859586,0.525277704746965,0.5259372651210005
135,137,0.5058239332559397,0.5122192173000886,0.5131943442926568
136,128,0.5001673283162648,0.5051231403197326,0.5063565229616491
136,129,0.5127434030255276,0.520432355035173,0.5211458970929043
136,130,0.5037374502596681,0.5061313274393008,0.5068648440990289
136,131,0.511952278016739,0.5162800778782645,0.5187881631016296
136,132,0.48089188430541385,0.4828022922745151,0.48347459936495446
136,133,0.4980456161684964,0.500954939587008,0.5024076066309331
136,134,0.5169300342217528,0.5214629047531986,0.5179098497604111
136,135,0.4946168840866334,0.49906567391587603,0.5005675172964905
136,136,0.505280441608239,0.513032135465666,0.5157022734333478
136,137,0.5119405214683607,0.516862071942368,0.5192143338127886
137,128,0.47397916781060384,0.4830222648183609,0.48623769459903166
137,129,0.4666592630980909,0.4713959332875839,0.47051179236333407
137,130,0.4635319228336863,0.4712929013506634,0.47438693314321173
137,131,0.4756357122920162,0.47890986691166226,0.4799981538495657
137,132,0.4802629619680732,0.4900370964126003,0.49102754158057615
137,133,0.4557810310531024,0.4641720471711544,0.46339418539249283
137,134,0.4828303827738874,0.48587512562979435,0.4883818060495398
137,135,0.45545210365638233,0.4646297120610775,0.4660175267035872
137,136,0.46556520783700944,0.47183829921870934,0.46963376404372
137,137,0.490071501883561,0.4950569605669414,0.4967977542056031
138,128,0.47976376297875073,0.47899102122169435,0.48085204517589447
138,129,0.48265755474517585,0.4897205476880684,0.49118054663578914
138,130,0.4745477068747018,0.4845407859079467,0.48357571285916895
138,131,0.5235439192854521,0.5294493756190272,0.5324120045482644
138,132,0.4789832131714381,0.48864665627621695,0.4915273175937747
138,133,0.48708487186719046,0.4956145111779505,0.49765182852207757
138,134,0.4787328052849493,0.489944435516398,0.4921399373883604
138,135,0.4854662450280044,0.49281459487890844,0.4952194780211173
138,136,0.46799933435613567,0.4723780710230434,0.4759099702770455
138,137,0.4851940038626167,0.495188835187433,0.4972658882394156
139,128,0.4992912342459285,0.5084544896490627,0.5105574968622227
139,129,0.5714853155994802,0.5701827843754093,0.5695315594497677
139,130,0.5474937128139237,0.5507658753892066,0.552230342174964
139,131,0.5394771025749796,0.5454574052473232,0.547881577967195
139,132,0.5215316217615952,0.5251644127524253,0.5282878148894073
139,133,0.5249202688531425,0.5340833343543341,0.5362724727523134
139,134,0.5151716090472978,0.5213242666346554,0.5248513233485481
139,135,0.5503623588754751,0.5516257352073708,0.5510531610461169
139,136,0.5125327787069278,0.518296164691273,0.5198798829834191
139,137,0.5206289334583196,0.52309047365247,0.5237622917160938
140,128,0.5045555824735606,0.5147673006268404,0.5171379813742931
140,129,0.445236864927243,0.4477654930663383,0.4492470940086533
140,130,0.49225294267383185,0.49606165469522967,0.49782469900684356
140,131,0.4786047822894729,0.4814260963020833,0.4820466876355577
140,132,0.46109370132858507,0.46746886369028723,0.46797514817859076
140,133,0.47613145443465515,0.4811695497012127,0.48091914848122064
140,134,0.47645332242494753,0.4814208540018294,0.48488266170539596
140,135,0.49342288768524034,0.49637442069250337,0.49666016323039364
140,136,0.48203811587232526,0.4818324466487286,0.48288529072034125
140,137,0.47353347902341386,0.4779711178219596,0.48011713653199567
141,128,0.4761922786548075,0.4755186403343073,0.47375982334143896
141,129,0.5050415311744456,0.502503129099242,0.5035969825379157
141,130,0.48680483436369587,0.4889846321737902,0.4908066818129068
141,131,0.5022467416253555,0.5034743230049766,0.5008464365457935
141,132,0.5019287107560666,0.505036719414387,0.5051764603043527
141,133,0.5244620012891579,0.5276593113173916,0.5268461229587721
141,134,0.4883810676157717,0.4948144401479742,0.4937215571145801
141,135,0.4920340108003821,0.5008657697149971,0.5014792266625945
141,136,0.5067154539137495,0.5106767126989247,0.511974750881438
141,137,0.4663325742463118,0.4617801876068695,0.4618834084118043
142,128,0.5158791014487574,0.5173474949446268,0.5184289731356968
142,129,0.49604054353293314,0.49404384137660795,0.49536226001705613
142,130,0.4986195734009109,0.5027861914322244,0.5025541648859271
142,131,0.5002151084597491,0.5052599166173053,0.5079251321264902
142,132,0.5142018374284593,0.516353120062367,0.516754976841856
142,133,0.5117700548542651,0.5113240342856362,0.5120847027114056
142,134,0.4695060773505011,0.4738438482256092,0.4779842682660654
142,135,0.498027911713974,0.4968176416144635,0.49778113057774975
142,136,0.5060361809824653,0.5133116825212176,0.5130594280283581
142,137,0.489182998030255,0.4931398514738709,0.49382485356248085
143,128,0.4923624233855892,0.49497876169610605,0.49623590153392155
143,129,0.4900001431095345,0.49595899530777265,0.4991192829591876
143,130,0.49825746304397295,0.5057534361337883,0.5065387905341409
143,131,0.49322696229484964,0.49592926866774156,0.49802872101222206
143,132,0.509689682273851,0.5143535785004089,0.5183137222823577
143,133,0.47956556251579724,0.48556180908231533,0.4892237669701201
143,134,0.5097437041936372,0.5109225686633009,0.5129880291943592
143,135,0.49576003995582407,0.497724504789533,0.4994087617248549
143,136,0.5072073284540616,0.5093440253674568,0.5094628822118235
143,137,0.4836062813393352,0.4868193017803362,0.48841418752402277
144,128,0.45006291908207513,0.4536958379867208,0.4537157301509941
144,129,0.4992593899487584,0.5010352837660184,0.5006087082070098
144,130,0.48566244897759975,0.4905204961120416,0.4895148082909692
144,131,0.47064614178971304,0.47750117112312684,0.47964785790561654
144,132,0.46705741881409935,0.46862338405773335,0.4666735330990287
144,133,0.46810254705953297,0.46968329171502976,0.4714834275796643
144,134,0.5181310459630144,0.5201883401144695,0.520743858366716
144,135,0.4807641140248652,0.4841849051935916,0.48556363400586966
144,136,0.46551804914188555,0.4708839654952094,0.4710261313506615
144,137,0.47879004482192755,0.48869201961844055,0.4911147085042732
145,128,0.5077235781309308,0.5140006565376252,0.5152977029510698
145,129,0.5329039955137264,0.5378201903133095,0.5377828768267793
145,130,0.5174699983472948,0.5205467347691437,0.5201751957963789
145,131,0.5072072065502216,0.5142326649723072,0.5193381642732078
145,132,0.5247071261123841,0.5266179978940715,0.5288113138168832
145,133,0.5412813004235283,0.5472737173345203,0.5458188307807574
145,134,0.5280843496534994,0.5375010798388135,0.5402985708145781
145,135,0.5382584140618948,0.5408096276919006,0.5401383295311993
145,136,0.5350557165207909,0.5382177195410476,0.5377124035556864
145,137,0.5250839291554164,0.5305874422980332,0.5304565017321646
146,128,0.4960805908420573,0.5017280415991644,0.5018497242561177
146,129,0.478579231492807,0.4824429887831485,0.4846431819251995
146,130,0.502036441027144,0.5038660843128261,0.5034661604707906
146,131,0.45293370201172695,0.4555570824298081,0.4566296331010884
146,132,0.503131992370984,0.5111811205959562,0.5124530678734172
146,133,0.4889791505390539,0.4882540783500219,0.4894682400906051
146,134,0.48478649592701295,0.48931312091753487,0.49195571105259983
146,135,0.5041641219557216,0.5117557853142944,0.5105713457222131
146,136,0.4879674561361308,0.4926537365899796,0.49472658360973343
146,137,0.4904026818259603,0.4913393220115398,0.49434565981933715
147,128,0.5003244554965243,0.503914290640531,0.5041881842325614
147,129,0.5198123013363343,0.5275508352226258,0.5293563632355379
147,130,0.5190884820608823,0.520725085020122,0.5217388747651226
147,131,0.5228242505613241,0.5239881902065839,0.5237074992249489
147,132,0.4959487616352008,0.4982212619737231,0.49870619594756327
147,133,0.5193219059671701,0.5283115119649411,0.5289361578077121
147,134,0.5137059967060231,0.5202536334511283,0.5198067461937057
147,135,0.5134716828978068,0.5136221390535778,0.513816640322608
147,136,0.5292797065998854,0.532737450346302,0.5334429696413684
147,137,0.5407034087293631,0.5425646425023288,0.5421916450848003
148,128,0.5134821348418166,0.5173831020861572,0.5177690142749762
148,129,0.5027535075638425,0.5054277987954758,0.5061595293089066
148,130,0.5124269787694395,0.5140132922336986,0.5161510191937054
148,131,0.5014024048342595,0.5048223181106506,0.509224283726315
148,132,0.5260758485090715,0.5311627088844186,0.5329458318086664
148,133,0.48998115300307854,0.49588029852847815,0.49598298452276934
148,134,0.497839147694648,0.5049970217911339,0.5093623028430909
148,135,0.4781208935267173,0.4819706762094652,0.48180083663302326
148,136,0.5160161137014205,0.5243016591413591,0.5247947787700697
148,137,0.4909815155584519,0.48691754333621906,0.4869951052104941
149,128,0.4773090188589606,0.481123631648544,0.4858581344392522
149,129,0.4694827404921906,0.477899056018949,0.47879968639712234
149,130,0.4807919218988534,0.486148487425414,0.4874055325194079
149,131,0.4621916294983544,0.4647884318897547,0.4656534007562433
149,132,0.49361286539757315,0.5018489200902014,0.5017824057332315
149,133,0.48172343843401516,0.48437347782949336,0.4845364550617079
149,134,0.4640345017020036,0.4708528076076709,0.4708748383514611
149,135,0.45489212907841703,0.45915447845518137,0.46110266894912544
149,136,0.44661774352870165,0.44833131885657707,0.44852767426840323
149,137,0.48338847514489985,0.4887086899207267,0.49083474127385296
150,128,0.5017028523020919,0.5071890999460922,0.5068488940155707
150,129,0.47978402680912396,0.48562668436984635,0.4880479305124628
150,130,0.4828871715865287,0.49235821731439683,0.49552518921538724
150,131,0.508149059189128,0.5098494585776707,0.5102811099821374
150,132,0.48932882663600186,0.4892093617327096,0.48684383966748757
150,133,0.49626492003718037,0.49752888435463555,0.49915880464586165
150,134,0.49054425125004586,0.4989157422210203,0.49831573564821136
150,135,0.4920715719505039,0.4946836765206906,0.49855097670555387
150,136,0.4936213700270236,0.5004971762418053,0.5018009636365818
150,137,0.5029540829053025,0.5047668332526951,0.5055668348130327
151,128,0.4893529511163587,0.4936971660510685,0.49459721091697234
151,129,0.4884590272165557,0.4925570157042934,0.4936719570309367
151,130,0.4675430660309298,0.47190507013547045,0.47366445349328784
151,131,0.4738188539568796,0.4759208081174398,0.47630514659494383
151,132,0.48589410600795446,0.48848042132543956,0.49041151352589313
151,133,0.4853006510741896,0.48762277646882224,0.48595737866641253
151,134,0.5009921896404298,0.509810458738271,0.5109620249987543
151,135,0.48244609549444306,0.4804877084856125,0.4823830766777501
151,136,0.5037217726164289,0.5072860160396331,0.508292355973101
151,137,0.4777363433003834,0.47765422183617046,0.47954513932377996
152,128,0.5226036826445362,0.528728696836885,0.529547366000499
152,129,0.4882238336941425,0.48695850738846636,0.4872501534221053
152,130,0.47865069838052665,0.4853344233719601,0.4875648188614624
152,131,0.4858829337466005,0.488492908213197,0.48787502626022833
152,132,0.5146089504719162,0.5214069639782399,0.5219847586679165
152,133,0.44850147735322815,0.45610516929691813,0.4575184025242104
152,134,0.5062710973230148,0.5146497854543839,0.5174663735483962
152,135,0.5129458753700515,0.5174497230247561,0.5206830293935684
152,136,0.47694170168878536,0.4832218806110614,0.48801297635952245
152,137,0.5066658150821505,0.5122650849452561,0.5127651481218919
153,128,0.4935396806293846,0.4971915720850471,0.4962423055247071
153,129,0.5020144604575493,0.5040927229833996,0.5015697589579803
153,130,0.5217029223494534,0.524456934491566,0.5255323699638941
153,131,0.5178851579148485,0.5234626104327205,0.5260039507659732
153,132,0.5081786493011151,0.5070105596730589,0.5080681387992272
153,133,0.4698710305848775,0.47358999254109546,0.47272205256845085
153,134,0.5001321000329461,0.5070786766165123,0.5080890716018588
153,135,0.47516500887141405,0.4831649022600592,0.4865011317784987
153,136,0.5309324040181158,0.5350889535204859,0.5347595564978311
153,137,0.5164814580835915,0.5176799399508759,0.5201368541604076
154,128,0.5249958336148708,0.5269528297641923,0.5266262413415521
154,129,0.5147374166695924,0.5183794128828605,0.518826676523761
154,130,0.4934042323157729,0.5101158597677228,0.5079915438121752
154,131,0.5039812779407153,0.5136911905718492,0.5153749197431022
154,132,0.5188403449531902,0.518678718904388,0.5188145967526012
154,133,0.5315700687691713,0.5434375643230709,0.5461775117924729
154,134,0.5312728613813713,0.5325014882354304,0.5360506978713225
154,135,0.47800513457560345,0.48937823002981196,0.48987061391545134
154,136,0.4811575512543473,0.4792116071730105,0.48091401455595495
154,137,0.5251714055342516,0.5286435268806031,0.5261921127771276
155,128,0.5011589286125057,0.5070802999087761,0.5083166994037324
155,129,0.5062095316678524,0.5113331086379695,0.5125741410617938
155,130,0.48724666724977717,0.4951124313638015,0.49663889784739856
155,131,0.5249431803959862,0.5321701894259687,0.5354397903676
155,132,0.4973962097104511,0.5077500447748379,0.5089312181295428
155,133,0.501725928177738,0.5029552294160478,0.5042836307717314
155,134,0.512782596517266,0.5158581488768075,0.5169129105006675
155,135,0.5213296749786436,0.5271452605429177,0.5265999663273714
155,136,0.5411978878088124,0.5427403326799379,0.5472896629979072
155,137,0.4953634974119061,0.4967298026462486,0.4981870955576765
156,128,0.4978551483137192,0.5000354210527157,0.5009557931101192
156,129,0.5120455368183439,0.5150397835895735,0.5154319458708809
156,130,0.49589608462534757,0.4977492403307188,0.4997044912920717
156,131,0.5000102911972868,0.5028580400248717,0.5052042741855767
156,132,0.5048957610788251,0.5072455150364644,0.5102698860946371
156,133,0.49822124948666013,0.5055184511191728,0.5088627001410633
156,134,0.5107075134523565,0.5101241950054594,0.5113582495321143
156,135,0.48243530637544974,0.4826223322371691,0.48492678138631096
156,136,0.4986570990934883,0.5024468586054215,0.5035058665006632
156,137,0.4960335578158831,0.49923371404183714,0.49976439237533743
157,128,0.5168173110229322,0.522709844623645,0.5238006740457262
157,129,0.5070100913643282,0.5140212689309815,0.5145723229653283
157,130,0.4939564388537258,0.4980165384933513,0.4986182817961196
157,131,0.4907966324463315,0.4932456535057127,0.49366225301248595
157,132,0.5362991675206639,0.5381504721633397,0.5376459133966033
157,133,0.5480981103786783,0.5469538461473615,0.5455691688780446
157,134,0.524215403322077,0.5273259241412847,0.5321214323020536
157,135,0.517711519962698,0.5169118986646442,0.5176694107637488
157,136,0.5143075232618759,0.5132518087563019,0.5128799261510604
157,137,0.5292123941057211,0.5354121606092259,0.5366102780508439
158,128,0.4829397218892167,0.48803830165812156,0.4889189381877676
158,129,0.48179058812885367,0.4879650319439393,0.48845656068689214
158,130,0.4632301116489666,0.4741429158000992,0.480191961172611
158,131,0.48422182972707983,0.485158751893244,0.4834495933746469
158,132,0.47362692404702394,0.47412721572554795,0.47433429022402185
158,133,0.46278914119501957,0.46737542831044265,0.468647355324713
158,134,0.4723426165209186,0.4750091731514643,0.47611664668530845
158,135,0.4938191860297332,0.5039440733051094,0.5063650846956613
158,136,0.47586550111596504,0.48112457193419,0.4837542854580354
158,137,0.4407234116928495,0.44145577996604796,0.4427072761029816
159,128,0.5155506346382216,0.5211709488216674,0.5226406619776409
159,129,0.5058094141355973,0.5115216239258602,0.5145660325556823
159,130,0.5027706861999122,0.5078437897122591,0.5115309449607532
159,131,0.5009381280278232,0.5117872109917735,0.5125731038217987
159,132,0.48125603830796465,0.4888665786283946,0.4908185439941038
159,133,0.4892392066915606,0.49388219215274126,0.49536027018295775
159,134,0.4890825364534733,0.49466082900577285,0.4968310872679898
159,135,0.5072240927238465,0.514359546512174,0.5176019765428571
159,136,0.5086734871911643,0.5160603954198397,0.5157514322947925
159,137,0.50705684007161,0.5132434264149758,0.5158660693981261
160,128,0.5354115892829654,0.5414653605402846,0.5459866051210694
160,129,0.523808941048592,0.5304148677030214,0.5338065636505956
160,130,0.5063031596198577,0.509889091625485,0.512287152783513
160,131,0.5287452556777218,0.5352575584660897,0.5376038669725999
160,132,0.5290058063371561,0.5312362006610998,0.5338665153363313
160,133,0.4928655976899341,0.501586966440281,0.5044752588698209
160,134,0.516718722012133,0.5219127538730495,0.5251872024629474
160,135,0.511020098710482,0.5279203246079898,0.5300153350614561
160,136,0.4864829435801322,0.49346642578151334,0.4934748469506511
160,137,0.49283620158790653,0.5031149258801124,0.5084031095464787
161,128,0.4904384063215789,0.499283584678287,0.4997588701660082
161,129,0.49565156803504157,0.5039331909436322,0.5062913146698742
161,130,0.4984287705962718,0.505468859370404,0.5053304338721786
161,131,0.49452493629191385,0.49755210573538555,0.49950279598445435
161,132,0.5056932868468155,0.5062856654843848,0.5089671530346764
161,133,0.4913998574903955,0.4974971732308142,0.4992415642138268
161,134,0.4926625085720161,0.4911681879723644,0.4905825027461647
161,135,0.47248337249886097,0.47861958682794115,0.48024623500352376
161,136,0.4856689661433795,0.4835984578019394,0.482984798328396
161,137,0.49010893726605886,0.4973945809392174,0.5029501246996357
162,128,0.5128607642796247,0.5211184084639632,0.520767102390358
162,129,0.5080195890360442,0.5094942226189392,0.512440354748995
162,130,0.4943798599088086,0.496053880630011,0.4927923253394004
162,131,0.5160934947753684,0.5177486570566723,0.5169508367573248
162,132,0.5089734925954069,0.5187248889370283,0.5228604345712078
162,133,0.4794978212575957,0.4888424437060402,0.48721958229016654
162,134,0.5081379407446802,0.5136053616026344,0.5133325036208165
162,135,0.5049860106589714,0.5107132562813715,0.5125859198668046
162,136,0.5108309457861904,0.5144185851418313,0.5162209398864259
162,137,0.46798262977701893,0.4777586967391456,0.48063709642733493
163,128,0.5010118381333241,0.5090045117772115,0.5115342186209385
163,129,0.4752602880019783,0.4840409431922669,0.48647197557171645
163,130,0.4884697171551366,0.49829535233111316,0.5006215394223625
163,131,0.5003667359636484,0.509470853063694,0.5116736064742688
163,132,0.47135312885324965,0.48046538530916794,0.4817699659042094
163,133,0.4789254739008422,0.48007977698488913,0.4818088286099357
163,134,0.49676647971598975,0.5060463236511272,0.5090574571541832
163,135,0.49704044263242464,0.49944826211077664,0.499796802253603
163,136,0.48440204203483284,0.4895645464747778,0.490206678309281
163,137,0.4770500249509995,0.48097762684569734,0.4834444177293644
164,128,0.5147359283511024,0.513751472251522,0.5102936737550392
164,129,0.5026246468515134,0.5065987668508134,0.5069316382473393
164,130,0.5376914175804692,0.5394846408511731,0.5392202835219766
164,131,0.4909046270688746,0.4939330078020084,0.4930654488886992
164,132,0.5122035008133357,0.5143669540050484,0.515999089928843
164,133,0.5213200197312762,0.5241242468564314,0.5214865369926557
164,134,0.5402453349339232,0.5463391410010594,0.5472772245877755
164,135,0.5253347084116445,0.5305188732611194,0.5319762463919507
164,136,0.5195066420137361,0.5228685535784036,0.5271346632384312
164,137,0.5233348676622429,0.5230348097357383,0.5190162616076066
165,128,0.4618912305492186,0.467697960954334,0.47129276302165335
165,129,0.4731746142067504,0.4818478787658547,0.48249971390771185
165,130,0.5151201360080562,0.521654154847289,0.5238508942408957
165,131,0.5061982490995572,0.509799869327905,0.5100459138273916
165,132,0.47856208966125474,0.48973997296502747,0.4937147904998618
165,133,0.47165639135535786,0.4779474167557721,0.4816866737651841
165,134,0.4774042001883892,0.4882164896769826,0.49436929202678764
165,135,0.48481156097588923,0.4894450483539129,0.49038860995986566
165,136,0.46510312872651555,0.4707915948962699,0.4719462802533151
165,137,0.4881058768274308,0.49827465097060325,0.5012822071765312
166,128,0.455130444185447,0.46160641554771936,0.4627223516922226
166,129,0.47965970558232857,0.485890900336954,0.4875468870460632
166,130,0.4633008198897107,0.46665414611542805,0.4666322258177438
166,131,0.4711438471499302,0.4752884701300889,0.47741736864008627
166,132,0.48735395862681496,0.4881896651262675,0.4894328649434837
166,133,0.47316080560415263,0.4809986618270382,0.4839331532016432
166,134,0.45758104435163593,0.4630983014402144,0.4653019666542533
166,135,0.4627183019465929,0.46380924576716664,0.46408290985256145
166,136,0.4847148869870047,0.49049934613105617,0.4923033791279973
166,137,0.4822907938178262,0.4888510995945198,0.49121338910232415
167,128,0.5055973988007563,0.5136230551068084,0.5146764832027978
167,129,0.47766615054509687,0.4840489421989692,0.48570953605704065
167,130,0.521608092280679,0.521418571323618,0.5231698368988121
167,131,0.49285246946243993,0.49888604255018265,0.4992255214671271
167,132,0.510940384558431,0.5142051779697348,0.5158494273850881
167,133,0.5228106616045565,0.5197512928519561,0.5208664982554628
167,134,0.5017579756810873,0.5093902921633043,0.5088123776476968
167,135,0.513414398527348,0.515368633351426,0.5164473649607512
167,136,0.5220899278954125,0.5270205202909679,0.5284903602316173
167,137,0.49180181478284457,0.49912990425364434,0.5003174938603687
168,128,0.5090406446745821,0.5140338686691269,0.5163196689580062
168,129,0.49428200083168006,0.49425293277373583,0.4964881802162154
168,130,0.4832920392098846,0.4878974695598763,0.49188317106171076
168,131,0.4810322683995011,0.48705910948764597,0.489216663296986
168,132,0.4833759121710844,0.48999849578099175,0.49110514805023486
168,133,0.5033131162629721,0.5082610710073012,0.5084959301866185
168,134,0.505026498596527,0.506540063897803,0.50671742922233
168,135,0.51711802230109,0.5152069288250989,0.5168218194240055
168,136,0.46770433470158146,0.47133376569302277,0.473090468531562
168,137,0.4657111745099821,0.4686393129548784,0.46989324381942116
169,128,0.4786834884905245,0.4844274373422331,0.4850104340040932
169,129,0.4720356513148862,0.47914422128349415,0.4799832695091343
169,130,0.46916776113477104,0.47007405398809887,0.4699269024737512
169,131,0.5038857448443685,0.508121782695815,0.509974949798911
169,132,0.48820013343223556,0.49024346078704345,0.48800858958411847
169,133,0.4836759505632976,0.49308760260780976,0.49348854192275093
169,134,0.4706485269195079,0.47394818111320286,0.4737886787820904
169,135,0.4999479602731219,0.5021323632634227,0.5050929666315814
169,136,0.4466437493163551,0.4561705878650373,0.45966119321627597
169,137,0.47191269387811624,0.4760270246980875,0.4770485495478969
170,128,0.48098007208852406,0.48627073491117867,0.49016436754963033
170,129,0.48728545003551993,0.49129736615209224,0.49272503106991106
170,130,0.4861039452988304,0.4948955483027241,0.49583326632024216
170,131,0.5050984817919034,0.5102766251420339,0.5130846914860957
170,132,0.483844820834621,0.4914122632753438,0.49457192330746286
170,133,0.49992154482801,0.5026389076514255,0.5041325143888062
170,134,0.48399289207026425,0.48853132621020895,0.4903339194648114
170,135,0.5149866003054532,0.5181154397985728,0.5200579923506962
170,136,0.4787100452660815,0.48718696190315847,0.4891856653245162
170,137,0.496933728857034,0.5024243997173118,0.50675211238781
171,128,0.49984226732791515,0.5029337429042673,0.505887377803638
171,129,0.4808339251953247,0.4843942771479641,0.48691390569293425
171,130,0.4927161243765227,0.49847986580531833,0.4972596097618047
171,131,0.4998932975509054,0.5056107839859891,0.5104367029670216
171,132,0.5082574488932373,0.5088925962943217,0.5094561716300003
171,133,0.4847110870340174,0.4938511621306475,0.49735023410599
171,134,0.49665561801136365,0.5050198495900317,0.5033335055881959
171,135,0.48421997203401823,0.49162034664607007,0.4940152878374312
171,136,0.5120552075052048,0.5120977241070722,0.513122191895255
171,137,0.5025726448808256,0.5099418449915116,0.5124940019022777
172,128,0.48469800486053655,0.4898454668447,0.4895703151539056
172,129,0.4543727282294731,0.4558832720336613,0.4550035161571754
172,130,0.5038963091249619,0.5069628247505128,0.5081597334113926
172,131,0.5018125995874937,0.5062806288119501,0.5065090532947241
172,132,0.4837976118457812,0.48569913792337494,0.4847141747051613
172,133,0.49775739753687775,0.5051938556216891,0.5034753770719801
172,134,0.5039862298165996,0.5067036131532343,0.509199435770229
172,135,0.49422425157848104,0.49333169835552254,0.49405847737305153
172,136,0.4888829213077825,0.4932531067452244,0.4895383538875727
172,137,0.49124552059999144,0.4977543361958846,0.5024174694414494
173,128,0.49213348296225234,0.4967734290919742,0.5013110960966922
173,129,0.5068733957335672,0.5067436660478758,0.5090724902064698
173,130,0.5236128565419184,0.530045568842131,0.5328329849867557
173,131,0.5115470278736314,0.5158504217974483,0.5157469591816799
173,132,0.48583474715423663,0.4953910048308484,0.49658436793159666
173,133,0.5083350124547219,0.5130051119480697,0.5150634652376281
173,134,0.5116766787425298,0.5107789166241328,0.5121844531019614
173,135,0.5038654841375222,0.5042624105771164,0.5061937106555671
173,136,0.5372797161452841,0.5514298546132951,0.5518299965352826
173,137,0.5193425543733814,0.5264935802324074,0.5249218035545353
174,128,0.5084470345048432,0.5157418788509881,0.5185914719438254
174,129,0.5094672220192972,0.5154034220172943,0.5197229657686953
174,130,0.5138437402870573,0.5130571187004288,0.5181309474342447
174,131,0.4967615681597767,0.5027762856236819,0.501688203492121
174,132,0.49323796123425545,0.4933663978527373,0.4936796991226281
174,133,0.5116968796558136,0.5157563802791291,0.5173276637620026
174,134,0.5366436088664663,0.5427649063460611,0.5429049363285575
174,135,0.5166086390212815,0.5221366621668418,0.5237940427193031
174,136,0.5255823276031091,0.5308483620951403,0.5332099893725195
174,137,0.5101431875070677,0.5115951202863471,0.5109504316707288
175,128,0.5014042682922109,0.5111105055648807,0.513100735664308
175,129,0.5177645847304578,0.5196228798647431,0.5176196442464391
175,130,0.4800546554426052,0.4816000868112523,0.48331259712704605
175,131,0.5021092201598604,0.5059454112043732,0.5059459104500686
175,132,0.5166916568321612,0.5267794389000154,0.5273307167598696
175,133,0.5101544108823534,0.5198077745900976,0.5201252087097266
175,134,0.532718774508682,0.5415861743193892,0.5440019750322527
175,135,0.5199279433478472,0.520085091376822,0.5204405315851699
175,136,0.5136206213394161,0.5173632757602821,0.5158983315268373
175,137,0.495799150578184,0.5065317354813509,0.5034797415049376
176,128,0.5165470546788958,0.5241487845630639,0.5275580115625325
176,129,0.49932971886211125,0.5072659594536659,0.5102690969615974
176,130,0.5510456680350465,0.5657044712424064,0.5667085717817333
176,131,0.5199550329967566,0.5274676901646133,0.5288615897098262
176,132,0.5161853034704128,0.5167140123627675,0.5177501106518335
176,133,0.517159079837332,0.526156631707957,0.528723041500838
176,134,0.5287908633118166,0.535983563703855,0.5361258258650136
176,135,0.5178675505705794,0.5244872378456522,0.5242518501241201
176,136,0.5122107517191836,0.5144036521110245,0.5133603961948957
176,137,0.5210134316342002,0.5259121240632061,0.524953766907274
177,128,0.4794841031344478,0.4835635204034398,0.48542932598706034
177,129,0.5029567084412893,0.5036512044161319,0.5026293064264128
177,130,0.4786250084541586,0.48150870851076133,0.480718316640262
177,131,0.48941969491097287,0.49186542274282186,0.4934239977388102
177,132,0.48187541753751556,0.48369609445959566,0.4845879619694866
177,133,0.49376963212031005,0.4951698737379254,0.4933885604464791
177,134,0.5003799593789104,0.5012332154698538,0.5008454170702729
177,135,0.4826967163159644,0.481710963399314,0.4808832588367332
177,136,0.48316935161576796,0.4887280374043102,0.48749697910028517
177,137,0.5222263030536273,0.5223734617029092,0.5237572458764188
178,128,0.5148196772993635,0.5113137434623478,0.5129569591569549
178,129,0.5227747336815747,0.5245597653306007,0.5270912662208195
178,130,0.5184459053340124,0.5188398478708166,0.5167505977749707
178,131,0.49957724610921916,0.5039336545155534,0.5058078810360385
178,132,0.498247341128916,0.5036543650771977,0.5066893511126179
178,133,0.5402401397526189,0.5391630722808273,0.537504921199897
178,134,0.5086058096949163,0.5064666374216551,0.5051346788078311
178,135,0.4947957877391328,0.49245041758064045,0.49212069493941196
178,136,0.5252495613942466,0.5305736036215969,0.5322921848232092
178,137,0.5414321051594382,0.5479787368924675,0.5496563167446287
179,128,0.4591426145964338,0.46097446083989657,0.4611868632988868
179,129,0.44202987519612486,0.44481940052358554,0.4447353684070781
179,130,0.4841749954803031,0.48847008911665435,0.491826934835212
179,131,0.47123875893059963,0.4752848382225352,0.47582622288385223
179,132,0.4555709052217172,0.45936316922105824,0.4607972473405855
179,133,0.4582051700694013,0.4610502759483065,0.46213720374963163
179,134,0.44803863158000734,0.454684572995129,0.4560021188024869
179,135,0.47594485302893963,0.48417111803262547,0.4840548396936947
179,136,0.4600063063699931,0.46622053602264557,0.46488342999403975
179,137,0.45356634327342055,0.4564229687298712,0.45596111120405985
180,128,0.5047765759067567,0.5127802465622837,0.5145897342686687
180,129,0.4845545216757506,0.49035913133897635,0.4892259942155322
180,130,0.46995767589391724,0.4761285506818925,0.4803770046753198
180,131,0.5059021599916846,0.5072858990721139,0.5070899348262491
180,132,0.5048230020983151,0.50680390125516,0.5048049298794238
180,133,0.5192580995881213,0.5273138532411898,0.5308497942314202
180,134,0.4695813610092626,0.48147011110110716,0.48309899092804437
180,135,0.44448040226425095,0.45304499356492445,0.45280552453019646
180,136,0.4942033933871981,0.4957653686083767,0.49811664942426415
180,137,0.5093034284566372,0.511340774821873,0.5071853057040624
181,128,0.512036919963679,0.5154334800117025,0.5190048799965096
181,129,0.49624303919674073,0.5021765379391081,0.5061079161815321
181,130,0.5065169166961039,0.5158442851852116,0.5173378520706111
181,131,0.5193708797669668,0.5179584349782946,0.5178083916359375
181,132,0.5460119525992702,0.5514862840277381,0.5508996072623467
181,133,0.5301053260318389,0.5339427572466526,0.5356815013262085
181,134,0.49581626389228184,0.4992477968705528,0.49909567225979734
181,135,0.5195194388932669,0.5249297985993177,0.5246214580600456
181,136,0.5278964954256646,0.5349103658095682,0.5371658741216393
181,137,0.4989070859961891,0.5013125057918894,0.4997286499806302
182,128,0.5052793320985909,0.508283200741525,0.5089133270559666
182,129,0.5015546081693147,0.4993669672017969,0.49762003482250766
182,130,0.4851895271959636,0.4897976724106982,0.4929728000541764
182,131,0.5016709623957244,0.5122490528801532,0.5132803171606122
182,132,0.5019697579259794,0.5047446213219418,0.506446278403646
182,133,0.5024949971726211,0.5047620160453772,0.5074208665269677
182,134,0.4934142533243123,0.4959608503449441,0.4948975303609763
182,135,0.5100676166262298,0.5152558725330829,0.5175685139988471
182,136,0.49205167352988666,0.4998565758875473,0.5007656872058472
182,137,0.5007477354474472,0.5057231790918252,0.5073965491759552
183,128,0.48009285142488994,0.4834180646498155,0.48358441860083107
183,129,0.4830753634624897,0.4878947399466028,0.48696630820561354
183,130,0.5051948938591447,0.5131540813415809,0.5150962063690802
183,131,0.46471191058942896,0.4717055024685135,0.4734335110049992
183,132,0.4699573448042491,0.4701685319427126,0.47587711737732297
183,133,0.4686621886050567,0.47270070206923054,0.47504504810450376
183,134,0.4858175576351907,0.48973480009758175,0.49069104949022735
183,135,0.5004089941282663,0.5080970165127263,0.5065740819731104
183,136,0.5076398660257715,0.5139743239538058,0.5166270211933981
183,137,0.4778869125275578,0.48231970724267204,0.48401124398812057
184,128,0.4671973959331006,0.47612159182327857,0.47836269576581314
184,129,0.47170453564066006,0.47487691926315245,0.47786604172599845
184,130,0.486207764696356,0.4911543751853613,0.49062610557455183
184,131,0.46573267614495906,0.4800350847497876,0.4821228049473774
184,132,0.48644189369402985,0.4896066969366489,0.4925736027376374
184,133,0.496833174068405,0.4992328567019942,0.4988115547330388
184,134,0.45061713278691107,0.4576763741464037,0.45648570856538767
184,135,0.4671116386106469,0.4725450465272263,0.47464168425379993
184,136,0.45585681987496984,0.46309063796427274,0.4671658374693036
184,137,0.4824233115065931,0.4899907305554764,0.4905532925604546
185,128,0.47256787009013534,0.47792541236930636,0.4797222419970898
185,129,0.4955761186408293,0.5069984815315174,0.5057458918827189
185,130,0.47836037000954035,0.48855511310673816,0.4889136198115075
185,131,0.47001244329826763,0.4827372352380066,0.4838118150781391
185,132,0.45124035354739495,0.4503436973519485,0.449139052458686
185,133,0.46969650274943653,0.47393336510203704,0.4753378596760524
185,134,0.4648737720197552,0.4721032946475322,0.47215311531192405
185,135,0.46219695750149475,0.4672360092805274,0.4688250670085134
185,136,0.47669197846537437,0.4812124689425402,0.48478196289873593
185,137,0.487803962473133,0.4943111792885001,0.4997121867251734
186,128,0.5185984479415195,0.5251601974114912,0.5291883576778492
186,129,0.5246081874423391,0.5286493367532356,0.5281451435466789
186,130,0.5043176164518485,0.511490689696415,0.5130809193164841
186,131,0.522898256623171,0.5296659793960097,0.5313616780477318
186,132,0.5062131569135241,0.5149437546146052,0.5162783396244863
186,133,0.5019993185443891,0.5036370983072265,0.5050741798132724
186,134,0.5258711132650787,0.523039479515786,0.5219807983142173
186,135,0.522440991593355,0.5297263297218532,0.531810230031733
186,136,0.46800797976555214,0.4791597052531872,0.4823065750109401
186,137,0.5226758828444953,0.5270391131867026,0.5301183606010574
187,128,0.5005202294049946,0.5077912279997869,0.5067882327691737
187,129,0.4922471212775372,0.4992851225249285,0.49940596149024596
187,130,0.5251547767379916,0.533106895878346,0.5371594611759971
187,131,0.5002973887119304,0.5038916979466821,0.5083159590524168
187,132,0.5137101301586631,0.5213508950801031,0.5233314070430339
187,133,0.5229310751936577,0.5261730881388045,0.5241006463821062
187,134,0.50275539660707,0.510497185040949,0.5133111583674171
187,135,0.5276428545119254,0.5281845022351922,0.5293100609448536
187,136,0.4892066378434281,0.49879534090897304,0.5029819652956271
187,137,0.4845170840164338,0.4886063750112026,0.48965792825808946
188,128,0.5089961649303281,0.5151407994147836,0.5188281708316416
188,129,0.5250855002002947,0.5261655801810738,0.5290117671234562
188,130,0.5318101555953704,0.5410948811072036,0.5463437122357141
188,131,0.5318450761711297,0.5355147648017985,0.5390806184920047
188,132,0.5175609821226526,0.5179542423724636,0.5197384750972472
188,133,0.498072543675223,0.5006569196737926,0.5035727703175785
188,134,0.5211156528441852,0.5271831728262258,0.5246838355751404
188,135,0.5186933560197466,0.5157936150735647,0.5155999795675025
188,136,0.5046740731062912,0.506536705627553,0.508610945936047
188,137,0.5092853750439275,0.5122512307901432,0.5133932168643509
189,128,0.522079625034742,0.5177966628573916,0.5148562585582339
189,129,0.5115095935660421,0.5222077970631023,0.5225581454671122
189,130,0.49645693254964635,0.49708564193437965,0.4981334075871221
189,131,0.5068546682922671,0.5123460980855568,0.5103782015724885
189,132,0.4911462008578414,0.495316201164896,0.4974372059748868
189,133,0.5033674336471272,0.5086900727369634,0.5143295332927131
189,134,0.5035943350787692,0.5050103279045853,0.505533432205212
189,135,0.5068449199626603,0.5078490977517085,0.5071857756679954
189,136,0.4943068803597104,0.5010263523378496,0.5031944840563949
189,137,0.48760253334708514,0.4935165317604421,0.493960793085278
190,128,0.5049379343900846,0.5060587370680686,0.5065925234120103
190,129,0.4922706417548053,0.49807718433419695,0.5013166000608199
190,130,0.486380261710374,0.49161634246204755,0.4932923902313485
190,131,0.49120872222126916,0.4945037488167879,0.49544681305045335
190,132,0.4892794477255621,0.5018439452906865,0.5035187479217209
190,133,0.4802119830480809,0.4865763331544458,0.488156378248185
190,134,0.5119541437106001,0.5157000533932891,0.5188022229854987
190,135,0.5136873170124441,0.5179136740489866,0.5221855882779236
190,136,0.5050144091162105,0.5118348889730211,0.5152037880205544
190,137,0.4641530088592808,0.46979416876404134,0.4717158317800113
191,128,0.50602399770643,0.5164448995162554,0.5177813828809136
191,129,0.5093003321560958,0.5167767807119578,0.5166232065855678
191,130,0.5076924402174176,0.5125210512372591,0.5128079048921691
191,131,0.5387851533748707,0.5411465509133484,0.5404262627894969
191,132,0.5092639641733899,0.510920111475485,0.513290757705499
191,133,0.5072661562297276,0.5089307449144882,0.5070493206125736
191,134,0.5127042809179447,0.5134295459684438,0.5135383628947683
191,135,0.5259558238390699,0.525022937262912,0.5267100576020068
191,136,0.5050692755996357,0.5098501629107159,0.5117672814024294
191,137,0.5249658374973099,0.5345021930857128,0.5398754927884705
192,128,0.47079706519800696,0.47394491841850145,0.4723471727779499
192,129,0.517330653450875,0.5255176876123572,0.5278879977753362
192,130,0.4845168066298572,0.4951137846366221,0.49783301657300444
192,131,0.49585275442950927,0.5017205796746966,0.5053240668806984
192,132,0.4903778157979975,0.49699866582329344,0.49617746789438255
192,133,0.4959494205993031,0.5023671296845149,0.50381974365863
192,134,0.468247490540484,0.47156348806825343,0.4714764236992
192,135,0.4803849407648655,0.48968412463722605,0.4929023601743669
192,136,0.48750987761186104,0.49109963062121303,0.4910620663690513
192,137,0.493619288961532,0.4972107741195263,0.49918774793274456
193,128,0.48538419757442786,0.4887145292504754,0.4896417195032196
193,129,0.5226390290004028,0.5268409734326227,0.525734154327026
193,130,0.488339836533647,0.4904413125758281,0.49041668968090113
193,131,0.48386724299591216,0.49059443366312916,0.49124920579035775
193,132,0.5076039450584535,0.5132450075141356,0.5178439853013121
193,133,0.5387759062650761,0.5415778999472463,0.5435073387213836
193,134,0.4898403079958274,0.49654125758417,0.49998614835362476
193,135,0.5020094052555317,0.5042575752462626,0.5052577809679919
193,136,0.48622001346623955,0.49307353361092493,0.4928583422472226
193,137,0.4963034821301212,0.49780805750452084,0.49698703549277584
194,128,0.45182344419175785,0.4627309915022032,0.46559500823988725
194,129,0.5007180828919445,0.5092281747339855,0.506751929528038
194,130,0.4759678927343865,0.48140299214661686,0.48147645966207586
194,131,0.5015459302302209,0.5089876226116035,0.5121264846735671
194,132,0.456622187453553,0.4608046004642782,0.46199391661772865
194,133,0.48222324656442134,0.4887225695894549,0.49168294283602476
194,134,0.4777305966203184,0.4822346635626751,0.48137057273137673
194,135,0.4735875693405592,0.4768915914916339,0.48075214634945934
194,136,0.47773383705411093,0.4755390617515274,0.4754318317481214
194,137,0.500176777103991,0.5001299902941589,0.5028351627360089
195,128,0.5144999213077516,0.5184147145475994,0.5197936209671637
195,129,0.5193797143174533,0.5205827388762453,0.5206047218442779
195,130,0.5301934636535244,0.5287619441293044,0.5317823869807725
195,131,0.49043182812708874,0.4940689606693843,0.49668065560195096
195,132,0.4822372710547375,0.48566009550999567,0.48746355746028236
195,133,0.5114577012736907,0.519037546311062,0.5198274817650945
195,134,0.5144655776891839,0.5172036164109175,0.5176460236689276
195,135,0.5088047759737735,0.5082999553243528,0.5118309091552075
195,136,0.5119221729459245,0.5167079492083226,0.5158016925525085
195,137,0.49707159273348334,0.5017343125664883,0.4989089935984758
196,128,0.47393124675444065,0.47974610231205117,0.4832669554856979
196,129,0.44533730118701864,0.45083934220085686,0.44886240929341803
196,130,0.45069746981665465,0.4534150382072661,0.45483464721998723
196,131,0.4751601219742776,0.4818001925571956,0.4832630008093382
196,132,0.470422980051604,0.47656664920400243,0.4799161466807801
196,133,0.45484921651418586,0.46434530400921376,0.46734307447017276
196,134,0.4765392758645774,0.47952418419132953,0.48209098591611027
196,135,0.4840437638019813,0.4851478530138773,0.4834289030223372
196,136,0.4540594588425968,0.4634516554851495,0.46610653357218385
196,137,0.4835223026697507,0.487639558424424,0.49204584900245363
197,128,0.4800126059359472,0.49271441393691645,0.4947996382584502
197,129,0.4846179935130091,0.4950060570592796,0.49334455133039457
197,130,0.5174190687040142,0.5271180206783328,0.5250342134546988
197,131,0.4782683038284432,0.483574324097499,0.48363166438395416
197,132,0.5029128493468533,0.5080354027989011,0.5093463530215867
197,133,0.47746479944550224,0.48317363980008327,0.4869792010011598
197,134,0.5202970688048241,0.5242522526763637,0.5271858410663331
197,135,0.4936332893674174,0.49618018829454724,0.4955738951104557
197,136,0.5015734616628906,0.5078783068063639,0.5097393240023698
197,137,0.47271431808788,0.4748711479448309,0.47802764243274254
198,128,0.5072235568486168,0.5148366158413589,0.5170946052263535
198,129,0.45812785081449225,0.46564360246265324,0.46645854161748357
198,130,0.4963735879256698,0.5001879987331843,0.5001928652302311
198,131,0.47905270199801675,0.4842205046120375,0.48496669256681413
198,132,0.4744142267867263,0.4806810889189822,0.4838023955735305
198,133,0.5073172236445294,0.5141359161236289,0.5172871951678811
198,134,0.5067282346377379,0.5052331319096754,0.5040143534901961
198,135,0.49915847650916084,0.5028703484116951,0.5026836820453368
198,136,0.49809292374581327,0.502393039030611,0.5046877369051553
198,137,0.49221631803745314,0.4988211481232766,0.5026447282369613
199,128,0.4811292129139705,0.48588683182698444,0.48748174702696234
199,129,0.5087886364888959,0.5068402537194828,0.5065335398310895
199,130,0.5006207186337996,0.5039008316827641,0.5047945675397161
199,131,0.5152260192414343,0.5189456197278581,0.5201342559932105
199,132,0.5055742066299441,0.5041770348933743,0.5036529342084035
199,133,0.46883268392740823,0.47212797932652856,0.471422573334978
199,134,0.5209953797277775,0.5212038670551572,0.523671860504364
199,135,0.5249266681911193,0.5287190026232322,0.5282320175886384
199,136,0.4697795114859578,0.47376784270724714,0.47635225384364377
199,137,0.5137262953740553,0.518867243159014,0.5202061386911202
200,128,0.48305170884168697,0.4888863189575168,0.49159385964869307
200,129,0.4788351557069953,0.49003328701395105,0.4938960423467148
200,130,0.4831414483210511,0.4867741072707642,0.4901891096210669
200,131,0.4794686706117302,0.4823542385098845,0.4838086556530915
200,132,0.4982175061974349,0.5072602475024668,0.5081241606180191
200,133,0.47214643337510875,0.4790035477206554,0.4819661237123409
200,134,0.48200301651862565,0.4910283868804294,0.49338737907296404
200,135,0.4760903639576668,0.4764869765975364,0.4782944296785199
200,136,0.49142358898888416,0.49984452487338527,0.5011458501717155
200,137,0.5046920765325804,0.513840322957549,0.5157477530227836
201,128,0.5142747081088558,0.5163291852428573,0.517012997281443
201,129,0.4942358533889982,0.49902323423225275,0.5011533004434536
201,130,0.5048297374600244,0.506547432124774,0.5067963054562411
201,131,0.5019081951365116,0.5084011962578601,0.5101226112162033
201,132,0.49410770642705276,0.501864398870328,0.5032018894040581
201,133,0.5087704617058801,0.5083193032255489,0.5110486242856477
201,134,0.5282425156247513,0.5313365391730736,0.5340582327569021
201,135,0.524787667167488,0.5288395390771329,0.5306945215291601
201,136,0.5039351701824443,0.5056516191121452,0.5051475146304094
201,137,0.5040516396040593,0.5087263642131135,0.5093761938718784
202,128,0.48236006371056084,0.48111716069404203,0.4813738639851266
202,129,0.501623272410345,0.5101869026859338,0.5123295136660133
202,130,0.4960114899449078,0.5021795155876012,0.5011953122254671
202,131,0.46507845367662687,0.47981716966527693,0.4816862019478549
202,132,0.4909607263379673,0.5021054759997544,0.503842114931457
202,133,0.4851015025760588,0.48398411100204813,0.48699494711410685
202,134,0.4922532836110756,0.4958887359357188,0.4927623448431458
202,135,0.48989362143800347,0.4920598359441116,0.49496613246510746
202,136,0.4709832213898887,0.4830650075157383,0.4816883861965143
202,137,0.49420976061331395,0.500317698630155,0.501306298311402
203,128,0.477748153647902,0.48420915299667433,0.4864002738296279
203,129,0.48984576096457577,0.49853284889173183,0.49807437000229815
203,130,0.5226438216606215,0.5249026971346666,0.5253919223148977
203,131,0.4956007403777476,0.5015508883207976,0.5062766127887294
203,132,0.4953642598720176,0.4971145935555502,0.5007505009018363
203,133,0.4770999353305367,0.4851840879551048,0.48446726423434205
203,134,0.46230709277744797,0.4661105270748359,0.46888749971592814
203,135,0.48219402098390696,0.4871828930577258,0.4881327608176608
203,136,0.48095228258055844,0.4874653043680646,0.48772053728610204
203,137,0.48117221654085185,0.48899793131554237,0.4901372084872479
204,128,0.46267952438691456,0.47428344365639574,0.4763041207947024
204,129,0.4448758766219356,0.45489910685010776,0.4541555941298003
204,130,0.4710366764179552,0.4754443338816875,0.4737685488108735
204,131,0.4501565714078787,0.45674055024631766,0.4583066477228307
204,132,0.4366787948982848,0.44004266705057604,0.4425741010818012
204,133,0.4606198034116934,0.4606606553747968,0.4606270966804112
204,134,0.4609456344875381,0.46599682469074655,0.4668552156448052
204,135,0.425870459308184,0.43348708184652657,0.43472964234140055
204,136,0.46158583246182855,0.4687449944904539,0.4713465218761515
204,137,0.46659125962845066,0.46753520257675174,0.4713880752171459
205,128,0.5173834398022722,0.5173772895859532,0.5142046142979143
205,129,0.502492286846203,0.5093147618390167,0.5106808389247675
205,130,0.5099748324531997,0.5139291456108506,0.5152443589562176
205,131,0.5010383658509293,0.5041214030545728,0.5044548050092791
205,132,0.5261311646100835,0.5318130141015178,0.5336387248808835
205,133,0.48682822405527293,0.4906504017687972,0.4908450684829065
205,134,0.5158741914264737,0.5200757435840929,0.5224913014198053
205,135,0.47843572300984993,0.4898721100973355,0.48934215834441613
205,136,0.4889729527070136,0.49111383897254807,0.49157836508847375
205,137,0.49457849133546317,0.5012416051265679,0.5051134032203191
206,128,0.4724682103261868,0.47792255246916804,0.4801684022017745
206,129,0.487800012486897,0.49932637301642285,0.5011809241699838
206,130,0.4958056964530074,0.5012216896852439,0.5009964177975755
206,131,0.4645001295458949,0.47282825940879397,0.47408864407254414
206,132,0.4751272126180627,0.4822874122751479,0.4814482829304686
206,133,0.4754387608093017,0.4818271279401193,0.48210283423123457
206,134,0.4853310978097465,0.4872252344583238,0.489763440712011
206,135,0.4794189285698799,0.4833269276358359,0.48580488299053853
206,136,0.4535555589502474,0.45541521617708725,0.4577228033732947
206,137,0.5008084138621005,0.497823926323941,0.495063768669797
207,128,0.5207825912833967,0.5235909058527413,0.5239420766680571
207,129,0.5515182179544422,0.5542358316975177,0.5535074292757297
207,130,0.5355885199225858,0.5396043809524333,0.5428140670261425
207,131,0.5474653550623739,0.555777827043248,0.5555852845391482
207,132,0.5183939477591155,0.5313975667833384,0.5352781217524375
207,133,0.5346695760002149,0.5451193576431639,0.5480479404850497
207,134,0.5145061795614143,0.5184027842535114,0.5212496880577959
207,135,0.5158235464207526,0.5181758185696942,0.5208181119598667
207,136,0.49217837199637005,0.4994074010870104,0.5030887555719274
207,137,0.5026415797087644,0.5093352972855684,0.5143583693039636
208,128,0.4725478168347377,0.47589314588895937,0.47705898573690736
208,129,0.5128066722758844,0.5196551354870331,0.5218839873664456
208,130,0.48936984156568153,0.4934917367091927,0.4953591972534109
208,131,0.5248220881944322,0.5236680134272611,0.5238180516020724
208,132,0.512095046462501,0.5179193746418449,0.5203636943162335
208,133,0.4954110267165655,0.511692332146902,0.5098003810981476
208,134,0.5104263204021459,0.5141099565878853,0.5161315611534504
208,135,0.4981101506441827,0.5010830565221013,0.5010394902266905
208,136,0.5173895455063539,0.5212130783383319,0.5231561575804913
208,137,0.5110573751643155,0.5209778229536347,0.5218005140981269
209,128,0.5038249762111626,0.51169880505251,0.5126795846653508
209,129,0.5146693319485403,0.5166994833768677,0.5173665631609426
209,130,0.510447656476455,0.5226512105779917,0.5264546408680142
209,131,0.48845790556176816,0.49424850770936873,0.49881887830555244
209,132,0.5266148740847326,0.5267471065275069,0.5256117565518329
209,133,0.5249354516772666,0.5250054606822985,0.523249674558001
209,134,0.5097311234956022,0.5132365518929582,0.514597990638022
209,135,0.5079713642884314,0.5099360823316068,0.5103151720229725
209,136,0.47005113745426197,0.4729708757468275,0.4715995309994521
209,137,0.4985241473019216,0.49867946526863427,0.4973696063019116
210,128,0.52258361330438,0.518965656073018,0.5228183762295124
210,129,0.46273541065963364,0.46194292547536514,0.4632076367438378
210,130,0.47066469934376387,0.4730351023392723,0.4765189932263099
210,131,0.5052001765014655,0.5030759219427161,0.5060625737152891
210,132,0.4741468066151181,0.4757079850324278,0.4753941035744688
210,133,0.4857281703173658,0.4949898728469835,0.49620597991222704
210,134,0.47852408403756536,0.4841737519558841,0.4843024035550448
210,135,0.47472762081310665,0.47913230032336296,0.48150044211534426
210,136,0.46773530414044523,0.4702462239712887,0.4709461664159152
210,137,0.48170059735855875,0.4915512381024354,0.49254831137253124
211,128,0.47094648431729447,0.4718443307834951,0.47155888495135034
211,129,0.4649235785515927,0.4726923872063596,0.4757581707764338
211,130,0.4667300851848024,0.4725191524261826,0.47415613905951937
211,131,0.47359233268974554,0.47827355063792343,0.4801916754326858
211,132,0.4786452028998892,0.4791050879726445,0.4812968098000917
211,133,0.45830914971500614,0.45801665164365424,0.46396555864102107
211,134,0.4671411677285118,0.4714938268971305,0.4734596735325451
211,135,0.4829911636185207,0.48659569048381923,0.4862513590779297
211,136,0.4840229493044098,0.4848612859223554,0.48657443805743184
211,137,0.48296191388031523,0.4926691449706664,0.4789287944792388
212,128,0.5048823477501194,0.506896962081294,0.5088478935921849
212,129,0.4921537616180176,0.49766117796379916,0.4961242410949496
212,130,0.48844133976473464,0.4927981275556485,0.49753831604699766
212,131,0.4878459039170884,0.4912631185742061,0.49336425012549867
212,132,0.5264072526221731,0.530525757241171,0.5331404472323559
212,133,0.5308198329611327,0.5299565510616644,0.5295087944415864
212,134,0.4850919281817738,0.4915226717526586,0.4949690165871757
212,135,0.5260235226421225,0.5326209894518567,0.5309965675304694
212,136,0.5128604205725187,0.5141508130983321,0.5148805939184745
212,137,0.5041301659453753,0.506887099513215,0.5080111343147966
213,128,0.527933645492036,0.5337579419987263,0.5362994870250624
213,129,0.5056022987886246,0.5022055917440423,0.504029993277529
213,130,0.5052803397927097,0.5057765211691413,0.5059305268752421
213,131,0.5194907348677604,0.5207313063298626,0.5194266792522908
213,132,0.5011904457398059,0.5074748601531628,0.5067369944944176
213,133,0.4944412437454355,0.4999411979742215,0.5008915327604384
213,134,0.4988585721688,0.5004324812236607,0.5021313141385979
213,135,0.502274874161354,0.5076539729415778,0.5128238523373864
213,136,0.5076744760511445,0.5159045550490402,0.5149083422801655
213,137,0.4972454726051643,0.49698465575511375,0.49962849814119786
214,128,0.5078048540704331,0.5144729822852506,0.5147139249967986
214,129,0.48869454465480827,0.4971211996447799,0.5013860387289736
214,130,0.5243220384632256,0.5285566722849144,0.5281320731261141
214,131,0.5149933610479586,0.5196454277371947,0.5225220306913558
214,132,0.5003470636069046,0.5062575404888692,0.5070891015418215
214,133,0.5266733755506718,0.5286847764993605,0.5274927903576617
214,134,0.487021626813096,0.49532108387513923,0.4990996493868759
214,135,0.49448893867246485,0.4991029501116856,0.5026360520347851
214,136,0.5171610770761046,0.5221821624318372,0.5261351839336288
214,137,0.5273923673656256,0.5361437033333079,0.5335821118989946
215,128,0.480903616489387,0.4848326165575935,0.4860166357150407
215,129,0.49287315894085604,0.5049212004912318,0.5075776722845152
215,130,0.4659145231112244,0.4774982966473253,0.48119802340318196
215,131,0.4899729663388085,0.4981442960497021,0.5002150274750423
215,132,0.49647635420921266,0.5072946095023034,0.5093114181677364
215,133,0.5129639204994413,0.5142542765096889,0.515392360662751
215,134,0.48547249106348955,0.48983770939584403,0.49327127513039243
215,135,0.4813868581747066,0.4847932183017976,0.48673544901656624
215,136,0.4787709318185639,0.4794534601208852,0.48062204616180015
215,137,0.5002009288749615,0.5049682502799587,0.5043075883795486
216,128,0.5111138348714594,0.5155099672342178,0.5165127265870292
216,129,0.49157794195723703,0.4895133232136139,0.4946557077766192
216,130,0.48089453276598915,0.4787775773901011,0.4820648028561779
216,131,0.508787545149614,0.5132381614984166,0.5170580249626002
216,132,0.49446834660363165,0.5053039046380019,0.5072744388466488
216,133,0.4734849884588588,0.47911856011493,0.4794259096756714
216,134,0.4813609905675045,0.4872172765931708,0.4888256084364714
216,135,0.4603773344720411,0.4692252097190243,0.47377684015616184
216,136,0.48855010635660767,0.4936094618244941,0.49624127033982146
216,137,0.49964064662460206,0.5037047651098705,0.5051955286662073
217,128,0.4899027408554969,0.49464836575188603,0.4956557730232943
217,129,0.502917342215548,0.5048091685690967,0.5075125309405444
217,130,0.4742834836936806,0.477362829505757,0.4797837729832949
217,131,0.47418319394593544,0.48149065220609505,0.48290517263718485
217,132,0.49160686653516183,0.49332565289887176,0.4954178330517315
217,133,0.482795787736256,0.485738028035133,0.4857472214668556
217,134,0.4704054423872132,0.4783898041014239,0.47896061015606534
217,135,0.468927199515634,0.4685578053459289,0.4705501986934825
217,136,0.4750617249611831,0.476309141338327,0.47619879618403926
217,137,0.46565115086450426,0.4708603608585144,0.47340817429089255
218,128,0.4765842970424153,0.48272248601787987,0.48232037757273255
218,129,0.4768329730377191,0.48248830564696776,0.48495680311598555
218,130,0.5168581231930249,0.5224387754511962,0.5234704615385252
218,131,0.48341737085183656,0.48498949608194586,0.4887090479649725
218,132,0.47663326784095716,0.4849515540382237,0.4879128468109529
218,133,0.4852124535125684,0.4887694110594432,0.4893395180611824
218,134,0.5062306080169748,0.5057454692122805,0.5096947818393476
218,135,0.49649607308016364,0.5046176623905787,0.5068947587613173
218,136,0.46709702584628515,0.4734749694987036,0.47527982109499584
218,137,0.49440357765518483,0.504942384689631,0.5029356584592459
219,128,0.49682065622650373,0.496907290675171,0.4957735310847454
219,129,0.5204890918353996,0.5187741659316197,0.5206556071141433
219,130,0.5468619184503909,0.5481429918135534,0.547639179022606
219,131,0.5103751007044925,0.5137706834913834,0.512335026589384
219,132,0.48888072283666906,0.49530218350913324,0.4972902298118453
219,133,0.5236384204338109,0.5264313569760883,0.5271427457843079
219,134,0.5184413992327894,0.5227204792917307,0.5210686745869936
219,135,0.5117054506304947,0.5187908944092661,0.5220941220813657
219,136,0.47764308638701625,0.48450851897830294,0.4862218810099222
219,137,0.5132566850984841,0.5169476560791019,0.516955851702077
220,128,0.4648031335739983,0.47171137199186025,0.4744086007288256
220,129,0.46705574164649377,0.4694548564958071,0.4727589430924981
220,130,0.48341214071232913,0.49031250215573347,0.4935570814499089
220,131,0.4710770567721486,0.4684682315664556,0.4692074695568483
220,132,0.4688164591553708,0.48164188218518394,0.48369976415629556
220,133,0.47345020988494924,0.48034971561188805,0.4812834571404334
220,134,0.4777356802011072,0.4831793695242575,0.4838370866754721
220,135,0.4738632917326796,0.4818676492569226,0.4840383578588505
220,136,0.4745638446904912,0.4830757428849572,0.4856781915938422
220,137,0.45799886904613585,0.4649744084096195,0.46621400927329476
221,128,0.5150727999617521,0.5192313767838307,0.5195341196643889
221,129,0.49288683892067475,0.49763879770919095,0.49769154083336825
221,130,0.5141691380356305,0.5122100069682484,0.5124636715463877
221,131,0.5087759911441261,0.5135728674493959,0.5132794905596662
221,132,0.4942049570138859,0.5005175177184913,0.5017899372991896
221,133,0.49311905304288717,0.4992561176094594,0.49919377260320796
221,134,0.48898931346979896,0.4907818518294535,0.49166823975545854
221,135,0.4939076205506501,0.49275340276648805,0.4969859162141058
221,136,0.5087610981112793,0.5110302062777368,0.5106332927746858
221,137,0.5218987455532036,0.5226144149126366,0.5245922681756732
222,128,0.5028410560915686,0.5035703646226681,0.5020562895313412
222,129,0.5132101221092173,0.5138717444510431,0.5122291565165489
222,130,0.5109548551049536,0.5168246362970188,0.5167227430999728
222,131,0.5085114339557726,0.5188425735106428,0.5202284404800197
222,132,0.48765468433165077,0.4896230898435882,0.49276058751753843
222,133,0.5253033016016861,0.5336826122332863,0.533199848380314
222,134,0.4824915225665912,0.4893324732922991,0.4910599956875081
222,135,0.49750596040206696,0.49869843942510295,0.5013555249807725
222,136,0.4918831637993456,0.4962064450314285,0.4980578653411314
222,137,0.4966069864781272,0.504429754775787,0.5064787725746159
223,128,0.5064205402059603,0.5139594222600007,0.5164990832049793
223,129,0.5138279957826947,0.5180537496483045,0.5192147641106818
223,130,0.4885377298770724,0.49891384726242183,0.5016437147142622
223,131,0.5059985835093535,0.5094278325934389,0.5094222759829864
223,132,0.5171248133774842,0.5243790439103853,0.5293410210455672
223,133,0.4830542534481431,0.4865672957606776,0.485443229799498
223,134,0.4968620847808897,0.5023566768667926,0.5047725018104565
223,135,0.4865182063801252,0.4895484646549934,0.4897898391349017
223,136,0.5197626523716158,0.5241947918445435,0.524867894502149
223,137,0.47885448616054826,0.4843823432916398,0.48511613083033095
224,128,0.4652051990900866,0.46916637700236075,0.4704392156044535
224,129,0.4985136486338738,0.5046396013088682,0.5060779134343897
224,130,0.49196666220978313,0.4953793867054763,0.4966232543182211
224,131,0.4952454332197468,0.50029630632383,0.5027345311646765
224,132,0.5203204469303917,0.5226948702314778,0.521912251313923
224,133,0.4968021307830458,0.5018183537250153,0.5033324702148462
224,134,0.4763473147880057,0.47962063645055963,0.47993587946073746
224,135,0.477636242395871,0.4822536890991894,0.48393678187196115
224,136,0.4751741804363907,0.48018623695456997,0.48349563922451083
224,137,0.49348200739424286,0.49841658483207585,0.49576324531612964
225,128,0.4774011289228426,0.48119643848166804,0.4833652511655563
225,129,0.4615119771646092,0.46440723542963075,0.4670277505162437
225,130,0.4772266067916385,0.47630576548844444,0.4761064643888083
225,131,0.43992265540988196,0.45284163410286704,0.4512232046908662
225,132,0.4352546279653079,0.44037807548857694,0.4395709995705813
225,133,0.43968311554995027,0.44298505918515135,0.4453720797624139
225,134,0.4289952438797764,0.43584190398844325,0.43664890034407844
225,135,0.4291045471019016,0.43227935602604095,0.43463657278010864
225,136,0.4752317739205821,0.48632275978374456,0.4885962111320309
225,137,0.4752577626725286,0.4767499117520613,0.4801299530695452
226,128,0.4861857304905051,0.4943308949430808,0.49037879242665977
226,129,0.4984713502616966,0.4998914077360597,0.5011575760884268
226,130,0.4984978794670282,0.5032125601417918,0.503475014496966
226,131,0.4940499435386836,0.49768308325942645,0.4989418729842777
226,132,0.4879828657370792,0.4948087666181328,0.4953396130847598
226,133,0.48245569005457883,0.4864449013432174,0.4850212531767875
226,134,0.47403624091690044,0.47838894387675046,0.4796281084615658
226,135,0.4769484758384069,0.48592793396715034,0.4889183426619675
226,136,0.47179214696068195,0.4765710182407451,0.47854364746173567
226,137,0.4878156420436701,0.49357070115011875,0.4947918231941021
227,128,0.5085710075514768,0.5114198051153331,0.5130816238453556
227,129,0.49411078034634776,0.5018341394234549,0.5041951410151451
227,130,0.5011807623552966,0.5076848274758975,0.5100222787012049
227,131,0.5255944411216529,0.5303661192851263,0.5297737372851298
227,132,0.5214552037605298,0.5199715326175653,0.5202556847525301
227,133,0.4975899132483413,0.5047086477333232,0.5068497628189019
227,134,0.5141652427785195,0.5149148916587964,0.514145644034872
227,135,0.491193124312291,0.4930054924617372,0.49655653356903356
227,136,0.5263236683840995,0.5300854966662581,0.5305570772602843
227,137,0.5182791812392477,0.5234296549794202,0.5241903108400118
